<?xml version="1.0" encoding="UTF-8"?>
<metadata><names><title>Управление типами продукции</title><description>Управление типами продукции в админке. </description><author>Якушев Денис</author><date>1300255346</date><url>http://tabernacms.com</url></names><system><ver>0.2</ver><prelogic><item>controller_corecatalog_managecattypes</item></prelogic><themes/><module><name>admin.managecattypes</name><folder>catalog</folder><ver>0.2</ver><ident/></module><name>rad_sloader</name><ident>928bfba5c42b5c8645bace9a5748baa7</ident><template><lower>0.2</lower><name>rad_sloader</name></template><access>1000</access></system><params><param name="showinlist_option" type="boolean" allow="1">
            <name>
                showinlist.catalog.option
            </name>
            <default>1</default>
</param>
<param name="showindetail_option" type="boolean" allow="1">
            <name>
                showindetail.catalog.option
            </name>
            <default>1</default>
</param>
<param name="showinbin_option" type="boolean" allow="1">
            <name>
                showinbin_catalog.option
            </name>
            <default>1</default>
</param>
<param name="treestart" type="treenodeselect" allow="1" multilang="true">
            <name>
                nodeselect.catalog.option
            </name>
            <default>39</default>
</param></params></metadata>
