<?xml version="1.0" encoding="UTF-8"?>
<metadata><names><title>Управление доставкой</title><description>Управление доставкой в магаине</description><author>Якушев Денис</author><date>1323443052</date><url>http://tabernacms.com</url></names><system><ver>0.1</ver><prelogic><item>controller_corecatalog_managedelivery</item></prelogic><themes/><module><name>admin.managedelivery</name><folder>catalog</folder><ver>0.2</ver><ident/></module><name>rad_sloader</name><ident>928bfba5c42b5c8645bace9a5748baa7</ident><template><lower>0.1</lower><name>rad_sloader</name></template><access>1000</access></system><params> </params></metadata>
