<?xml version="1.0" encoding="UTF-8"?><metadata><names><title>Управление еденицами измерения</title><description>Управление еденицами измерения в административной панели</description><author>Якушев Денис</author><date>1300254332</date><url>http://tabernacms.com</url></names><system><ver>0.2</ver><prelogic><item>controller_corecatalog_managemeasurements</item></prelogic><themes></themes><module><name>admin.managemeasurement</name><folder>catalog</folder><ver>0.2</ver><ident></ident></module><name>rad_sloader</name><ident>928bfba5c42b5c8645bace9a5748baa7</ident><template><lower>0.2</lower><name>rad_sloader</name></template><access>1000</access></system><params></params></metadata>