<?xml version="1.0" encoding="UTF-8"?>
<metadata><names><title>Управление каталогом</title><description>Управление продукцией магазина</description><author>Якушев Денис</author><date>1300280423</date><url>http://tabernacms.com</url></names><system><ver>0.2</ver><prelogic><item>controller_corecatalog_managecatalog</item></prelogic><themes/><module><name>admin.managecatalog</name><folder>catalog</folder><ver>0.2</ver><ident/></module><name>rad_sloader</name><ident>928bfba5c42b5c8645bace9a5748baa7</ident><template><lower>0.2</lower><name>rad_sloader</name></template><access>1000</access></system><params><param name="have_spnews" type="boolean" allow="1">
            <name>
                    have_spnews.catalog.option
            </name>
            <default>1</default>
</param>
<param name="have_sp" type="boolean" allow="1">
            <name>
                    have_sp.catalog.option
            </name>
            <default>1</default>
</param>
<param name="have_spoffer" type="boolean" allow="1">
            <name>
                    have_spoffer.catalog.option
            </name>
            <default>1</default>
</param>
<param name="have_sphit" type="boolean" allow="1">
            <name>
                    have_sphit.catalog.option
            </name>
            <default>1</default>
</param>
<param name="itemsperpage" type="integer" allow="1">
            <name>
                itemsperpage.catalog.option
            </name>
            <default>20</default>
</param>
<param name="showimages" type="boolean" allow="1">
            <name>
                shoimages.catalog.option
            </name>
            <default>0</default>
</param>
<param name="treestart" type="treenodeselect" allow="1" multilang="1">
            <name>
                nodeselect.catalog.option
            </name>
            <default>38</default>
</param>
<param name="treestart_types" type="treenodeselect" allow="1" multilang="1">
            <name>
                nodeselect_types.catalog.option
            </name>
            <default>39</default>
</param>
<param name="showPreloadImages" type="boolean" allow="1">
            <name>
                showpreloadimages.catalog.option
            </name>
            <default>0</default>
</param>
<param name="DefaultAvalibility" type="boolean" allow="1">
            <name>
                DefaultAvalibility.catalog.option
            </name>
            <default>0</default>
</param>
<param name="DefaultActive" type="boolean" allow="1">
            <name>
                defaultactive.catalog.option
            </name>
            <default>1</default>
</param>
<param name="have_downloads" type="boolean" allow="1">
            <name>
                    have_downloads.catalog.option
            </name>
            <default>1</default>
</param>
<param name="have_tags" type="boolean" allow="1">
            <name>
                    have_tags.catalog.option
            </name>
            <default>1</default>
</param>
<param name="have_brands" type="boolean" allow="1">
            <name>
                    have_brands.catalog.option
            </name>
            <default>1</default>
</param></params></metadata>
