<?xml version="1.0" encoding="UTF-8"?><metadata><names><title>Корзина в меню</title><description>Отображает продукты в корзине в меню</description><author>Якушев Денис</author><date>1301291090</date><url>http://rad-cms.ru</url></names><system><ver>0.2</ver><prelogic><item>controller_corecatalog_bin</item></prelogic><themes></themes><module><name>site.bin.menu</name><folder>catalog</folder><ver>0.2</ver><ident></ident></module><name>rad_sloader</name><ident>928bfba5c42b5c8645bace9a5748baa7</ident><template><lower>0.2</lower><name>rad_sloader</name></template><access>1000</access></system><params></params></metadata>