<?xml version="1.0" encoding="UTF-8"?>
<metadata><names><title>Рубрики продукции магазина на сайте</title><description>Рубрики продукции магазина на сайте</description><author>Якушев Денис</author><date>1300784008</date><url>http://tabernacms.com</url></names><system><ver>0.2</ver><prelogic><item>controller_corecatalog_productslist</item></prelogic><themes/><module><name>site.productscategories</name><folder>catalog</folder><ver>0.2</ver><ident/></module><name>rad_sloader</name><ident>928bfba5c42b5c8645bace9a5748baa7</ident><template><lower>0.2</lower><name>rad_sloader</name></template><access>1000</access></system><params><param name="itemsperpage" type="integer" allow="1" multilang="1">
            <name>
                itemsperpage.catalog.option
            </name>
            <default>20</default>
</param>
<param name="treestart" type="treenodeselect" allow="1" multilang="1">
            <name>
                nodeselect.catalog.option
            </name>
            <default>37</default>
</param>
<param name="onlycategories" type="boolean" allow="1">
            <name>
                onlycategories.catalog.option
            </name>
            <default>1</default>
</param>
<param name="startfromlevel" type="integer" allow="1">
            <name>
                startfromlevel.catalog.option
            </name>
            <default>0</default>
</param>
<param name="showlastnode" type="boolean" allow="1">
            <name>
                showlastnode.catalog.option
            </name>
            <default>1</default>
</param></params></metadata>
