<?xml version="1.0" encoding="UTF-8"?>
<metadata>
    <names>
        <title>Промо товары</title>
        <description>Выводит промо товары на сайте</description>
        <author>Терещенко Вячеслав</author>
        <date>1329147853</date>
        <url>http://tabernacms.com</url>
   </names>
   <system>
        <ver>0.2</ver>
        <prelogic>
            <item>controller_corecatalog_specialoffers</item>
        </prelogic>
        <themes></themes>
        <module>
            <name>site.catalog.specialoffers</name>
            <folder>catalog</folder>
            <ver>0.2</ver>
            <ident></ident>
        </module>
        <name>rad_sloader</name>
        <ident>928bfba5c42b5c8645bace9a5748baa7</ident>
        <template>
            <lower>0.2</lower>
            <name>rad_sloader</name>
        </template>
        <access>1000</access>
    </system>
    <params>
        <param name="cs_type" type="select" allow="1">
            <name>
                special_offers.catalog.title
            </name>
            <default>1</default>
            <values>
                <item>
                    <key>1</key>
                    <value>productnew.catalog.text</value>
                </item>
                <item>
                    <key>2</key>
                    <value>productsp.catalog.text</value>
                </item>
                <item>
                    <key>3</key>
                    <value>productspoffer.catalog.text</value>
                </item>
                <item>
                    <key>4</key>
                    <value>productsphit.catalog.text</value>
                </item>
            </values>
        </param>
        <param name="itemsperpage" type="integer" allow="1">
            <name>
                itemsperpage.catalog.option
            </name>
            <default>3</default>
        </param>
        <param name="ordering" type="select" allow="1">
            <name>
                ordby.catalog.option
            </name>
            <default>0</default>
            <values>
                <item>
                    <key>0</key>
                    <value>noordby.catalog.option</value>
                </item>
                <item>
                    <key>RAND()</key>
                    <value>odrbyrand.catalog.option</value>
                </item>                                 
                <item>
                    <key>cat_datecreated ASC</key>
                    <value>ordbycreatedateasc.catalog.option</value>
                </item>
                <item>
                    <key>cat_datecreated DESC</key>
                    <value>ordbycreatedatedesc.catalog.option</value>
                </item>
                <item>
                    <key>cat_dateupdated ASC</key>
                    <value>ordbyupdatedateasc.catalog.option</value>
                </item>
                <item>
                    <key>cat_dateupdated DESC</key>
                    <value>ordbyupdatedatedesc.catalog.option</value>
                </item>
                <item>
                    <key>cat_name ASC</key>
                    <value>ordbynameasc.catalog.option</value>
                </item>
                <item>
                    <key>cat_name DESC</key>
                    <value>ordbynamedesc.catalog.option</value>
                </item>
            </values>
        </param>
        <param name="cssclass" type="text" allow="1">
            <name>cssclass.catalog.option</name>
            <default>nt1</default>
        </param>
    </params>
</metadata>