<?xml version="1.0" encoding="UTF-8"?>
<metadata>
    <names>
        <title>Заказ товаров</title>
        <description>Оформление заказа товаров</description>
        <author>Якушев Денис</author>
        <date>1301303880</date>
        <url>http://tabernacms.com</url>
    </names>
    <system>
        <ver>0.2</ver>
        <prelogic>
            <item>controller_corecatalog_order</item>
        </prelogic>
        <themes/>
        <module>
            <name>site.order</name>
            <folder>catalog</folder>
            <ver>0.2</ver>
            <ident/>
        </module>
        <name>rad_sloader</name>
        <ident>928bfba5c42b5c8645bace9a5748baa7</ident>
        <template>
            <lower>0.2</lower>
            <name>rad_sloader</name>
        </template>
        <access>1000</access>
    </system>
    <params><param name="ct_showing" type="boolean" allow="1">
    <name>
        ct_showing.catalog.option
    </name>
    <default>1</default>
</param>
<param name="typestart" type="treenodeselect" allow="1" multilang="1">
    <name>
        neworderstatus.catalog.option
    </name>
    <default>41</default>
</param>
<param name="orderscheme" type="select" allow="1">
    <name>
        orderscheme.catalog.option
    </name>
    <default>fastandregistration</default>
    <values>
        <item>
            <key>onlyfast</key>
            <value>onlyfastorder.catalog.option</value>
        </item>
        <item>
            <key>onlyregistration</key>
            <value>onlyregisterorder.catalog.option</value>
        </item>
        <item>
            <key>fastandregistration</key>
            <value>fastandregisterorder.catalog.option</value>
        </item>
    </values>
</param>
<param name="showcaptcha" type="boolean" allow="1">
    <name>
        showcaptcha.catalog.option
    </name>
    <default>1</default>
</param>
<param name="showdelivery" type="boolean" allow="1">
    <name>
        showdelivery.catalog.option
    </name>
    <default>1</default>
</param>
<param name="addtoclients" type="boolean" allow="1">
    <name>
        addtoclients.catalog.option
    </name>
    <default>1</default>
</param>
<param name="clientsnode" type="treenodeselect" allow="1" multilang="1">
    <name>
        clientsnode.catalog.option
    </name>
    <default>187</default>
</param>
<param name="mail_format" type="select" allow="1">
	<name>
		 mail_format.others.option
	</name>
	<default>html</default>
		<values>
			<item>
				<key>html</key>
				<value>html</value>
			</item>
			<item>
				<key>text</key>
				<value>text</value>
			</item>
	</values>
</param>
<param name="mail_admin_format" type="select" allow="1">
	<name>
		 mail_admin_format.others.option
	</name>
	<default>html</default>
		<values>
			<item>
				<key>html</key>
				<value>html</value>
			</item>
			<item>
				<key>text</key>
				<value>text</value>
			</item>
	</values>
</param>
</params>
</metadata>
