<?xml version="1.0" encoding="UTF-8"?>
<metadata><names><title>Управление деревьями</title><description>Управление деревьями </description><author>Якушев Денис</author><date>1298905625</date><url>http://rad-cms.ru</url></names><system><ver>0.2</ver><prelogic><item>controller_core_managetree</item></prelogic><themes/><module><name>admin.managetree</name><folder>menus</folder><ver>0.2</ver><ident/></module><name>rad_sloader</name><ident>90b2af8e8c878c0596f1f6dee17f770a</ident><template><lower>0.2</lower><name>rad_sloader</name></template><access>1000</access></system><params><param name="showdetailedit" type="boolean" allow="1">
            <name>
                showdetailedit.menus.option
            </name>
            <default>0</default>
</param>
<param name="showsectionimage" type="boolean" allow="1">
            <name>
                showsectionimage.menus.option
            </name>
            <default>1</default>
</param>
<param name="showmenuimage" type="boolean" allow="1">
            <name>
                showmenuimage.menus.option
            </name>
            <default>1</default>
</param>
<param name="showmenuactivimage" type="boolean" allow="1">
            <name>
                showmenuactivimage.menus.option
            </name>
            <default>1</default>
</param>
</params></metadata>
