<?xml version="1.0" encoding="UTF-8"?>
<metadata><names><title>Динамическое меню админки</title><description>Динамическое меню свехру в админ-панели</description><author>Якушев Денис</author><date>1284983637</date><url>http://rad-cms.ru</url></names><system><ver>0.1</ver><prelogic><item>controller_coremenus_admintree</item></prelogic><themes/><module><name>menus</name><folder>menus</folder><ver>0.1</ver><ident/></module><name>0.1</name><ident>36babe1fffbd44976152ef97cbb5d2a5</ident><template><lower>0.1</lower><name>rad_sloader</name></template><access>0.1</access></system><params><param name="treestart" type="treenodeselect" allow="1" multilang="1">
            <name>
                nodeselect.catalog.option
            </name>
            <default>1</default>
</param></params></metadata>
