<?xml version="1.0" encoding="UTF-8"?><metadata><names><title>Хлебные крошки</title><description>Хлебные крошки</description><author>Якушев Денис</author><date>1284983659</date><url>http://rad-cms.ru</url></names><system><ver>0.1</ver><prelogic></prelogic><themes></themes><module><name>navilinks</name><folder>menus</folder><ver>0.1</ver><ident></ident></module><name>0.1</name><ident>36babe1fffbd44976152ef97cbb5d2a5</ident><template><lower>0.1</lower><name>rad_sloader</name></template><access>1000</access></system><params></params></metadata>