<?xml version="1.0" encoding="UTF-8"?><metadata><names><title>Левое меню для админки</title>
    <description>Леове меню для административной панел</description><author>Якушев Денис</author><date>1297242294</date>
    <url>http://tabernaecommerce.ru</url></names><system><ver>0.1</ver><prelogic><item>controller_coremenus_admintree</item></prelogic><themes></themes><module><name>menus</name><folder>menus</folder><ver>0.1</ver><ident></ident></module><name>rad_sloader</name><ident>90b2af8e8c878c0596f1f6dee17f770a</ident><template><lower>0.1</lower><name>rad_sloader</name>
    </template><access>1000</access></system><params>
    <param name="treestart" type="treenodeselect" allow="1" multilang="1">
            <name>
                nodeselect.catalog.option
            </name>
            <default>1</default>
</param></params></metadata>