<?xml version="1.0" encoding="UTF-8"?><metadata><names><title>Хлебные крошки на сайте</title><description>Хлебные крошки на сайте</description><author>Якушев Денис</author><date>1300643539</date><url>http://tabernacms.com</url></names><system><ver>0.2</ver><prelogic></prelogic><themes></themes><module><name>site.navilinks</name><folder>menus</folder><ver>0.2</ver><ident></ident></module><name>rad_sloader</name><ident>90b2af8e8c878c0596f1f6dee17f770a</ident><template><lower>0.2</lower><name>rad_sloader</name></template><access>1000</access></system><params></params></metadata>