<?xml version="1.0" encoding="UTF-8"?><metadata><names><title>Форма логина для админки</title><description>Форма логина</description><author>Якушев Денис</author><date>1284983279</date><url>http://rad-cms.ru</url></names><system><ver>0.1</ver><prelogic><item>controller_coresession_login</item></prelogic><themes></themes><module><name>Форма логина в админку</name><folder>session</folder><ver>0.1</ver><ident></ident></module><name>0.1</name><ident>cd139824af7a2198c747bbdb118c679d</ident><template><lower>0.1</lower><name>rad_sloader</name></template><access>1000</access></system><params></params></metadata>