<?xml version="1.0" encoding="UTF-8"?><metadata><names><title>Управление партнерской программой</title><description>Управление партнерской (рефе) программой в административной панели</description><author>Якушев Денис</author><date>1345626248</date><url>http://tabernacms.com</url></names><system><ver>0.2</ver><prelogic><item>controller_coresession_managereferals</item></prelogic><themes></themes><module><name>admin.managereferals</name><folder>session</folder><ver>0.2</ver><ident></ident></module><name>rad_sloader</name><ident>fb00974e743b790b493d62f70cb2aa6b</ident><template><lower>0.2</lower><name>rad_sloader</name></template><access>1000</access></system><params></params></metadata>