<?xml version="1.0" encoding="UTF-8"?><metadata><names><title>Пустой шаблон для отрабатывания логики</title><description>Пустой шаблон для отрабатывания логики</description><author>Якушев Денис</author><date>1331404881</date><url>http://tabernacms.com</url></names><system><ver>0.1</ver><prelogic><item>controller_coresession_registersimply</item><item>controller_core_system</item><item>controller_corecatalog_bin</item><item>controller_core_changetheme</item></prelogic><themes></themes><module><name>site.empty</name><folder>session</folder><ver>0.1</ver><ident></ident></module><name>rad_sloader</name><ident>fb00974e743b790b493d62f70cb2aa6b</ident><template><lower>0.1</lower><name>rad_sloader</name></template><access>1000</access></system><params></params></metadata>