<?xml version="1.0" encoding="UTF-8"?><metadata><names><title>Реферальный компонент</title><description>Компонент, реализовывающий реферальную программу на сайте</description><author>Якушев Денис</author><date>1344854211</date><url>http://tabernacms.com</url></names><system><ver>0.1</ver><prelogic><item>controller_coresession_referals</item></prelogic><themes></themes><module><name>site.referals</name><folder>session</folder><ver>0.2</ver><ident></ident></module><name>rad_sloader</name><ident>fb00974e743b790b493d62f70cb2aa6b</ident><template><lower>0.1</lower><name>rad_sloader</name></template><access>1000</access></system><params><param name="cookie_time" type="integer" allow="1">
    <name>
        cookie_time.referals.option
    </name>
    <default>31536000</default>
</param></params></metadata>