<?xml version="1.0" encoding="UTF-8"?><metadata><names><title>Восстановление пароля</title><description>Восстановление пароля на сайте</description><author>Терещенко В.Г.</author><date>1328691460</date><url>http://tabernacms.com</url></names><system><ver>0.2</ver><prelogic><item>controller_coresession_registersimply</item></prelogic><themes></themes><module><name>rempass.session</name><folder>session</folder><ver>0.2</ver><ident></ident></module><name>rad_sloader</name><ident>fb00974e743b790b493d62f70cb2aa6b</ident><template><lower>0.2</lower><name>rad_sloader</name></template><access>1000</access></system><params></params></metadata>