<?xml version="1.0" encoding="UTF-8"?>
<metadata>
    <names>
        <title>Отображает голосования</title>
        <description>Отображает голосования на сайте.</description>
        <author>Якушев Денис</author>
        <date>1317376894</date>
        <url>http://tabernacms.com</url>
    </names>
    <system>
        <ver>0.1</ver>
        <prelogic>
            <item>controller_coreothers_votes</item>
        </prelogic>
        <themes/>
        <module>
            <name>votes</name>
            <folder>others</folder>
            <ver>0.1</ver>
            <ident/>
        </module>
        <name>rad_sloader</name>
        <ident>3a2b4085eec70a89ece269ce0787adc0</ident>
        <template>
            <lower>0.1</lower>
            <name>rad_sloader</name>
        </template>
        <access>1000</access>
    </system>
    <params>
        <param name="treestart" type="treenodeselect" allow="1" multilang="1">
            <name>
                nodeselect.others.option
            </name>
            <default>17</default>
        </param>
    </params>
</metadata>
