<?xml version="1.0" encoding="UTF-8"?><metadata><names><title>Ошибка 404</title><description></description><author></author><date>1320312122</date><url></url></names><system><ver>0.1</ver><prelogic><item>controller_core_message</item></prelogic><themes></themes><module><name></name><folder></folder><ver></ver><ident></ident></module><name>rad_sloader</name><ident>3c5fc3ba559d289baa0f7473bfdc3769</ident><template><lower>0.1</lower><name>rad_sloader</name></template><access>1000</access></system><params></params></metadata>