<?xml version="1.0" encoding="UTF-8"?><metadata><names><title>Управление настройками</title><description>Управление настройками системы</description><author>Терещенко Вячеслав</author><date>1361547400</date><url>http://www.tabernacms.com</url></names><system><ver>0.1</ver><prelogic><item>controller_core_manageconfig</item></prelogic><themes></themes><module><name>system</name><folder>system</folder><ver>0.1</ver><ident></ident></module><name>rad_sloader</name><ident>408a8f3f61d401c6b17628158713d2b6</ident><template><lower>0.1</lower><name>rad_sloader</name></template><access>1000</access></system><params></params></metadata>