<?xml version="1.0" encoding="UTF-8"?><metadata><names><title>Управление шаблонами</title><description>Управление шаблонами</description><author>Сергей</author><date>1317639449</date><url>http://rad-cms.ru</url></names><system><ver>0.2</ver><prelogic><item>controller_core_managetemplates</item></prelogic><themes></themes><module><name>managetemplates</name><folder>system</folder><ver>0.2</ver><ident></ident></module><name>rad_sloader</name><ident>408a8f3f61d401c6b17628158713d2b6</ident><template><lower>0.2</lower><name>rad_sloader</name></template><access>1000</access></system><params></params></metadata>