<?xml version="1.0" encoding="UTF-8"?><metadata><names><title>Дерево выбора продукции</title><description>Компонент для выбора продукции из дерева</description><author>Терещенко Вячеслав</author><date>1345454410</date><url>http://tabernacms.com</url></names><system><ver>0.1</ver><prelogic><item>controller_core_productstree</item></prelogic><themes></themes><module><name>site.empty</name><folder>session</folder><ver>0.1</ver><ident></ident></module><name>rad_sloader</name><ident>fb00974e743b790b493d62f70cb2aa6b</ident><template><lower>0.1</lower><name>rad_sloader</name></template><access>1000</access></system><params></params></metadata>