<?xml version="1.0" encoding="UTF-8"?><metadata><names><title>Управление пользователями</title><description>Управление пользователями в админке</description><author>Якушев Денис</author><date>1284983390</date><url>http://rad-cms.ru</url></names><system><ver>0.1</ver><prelogic><item>controller_core_manageusers</item></prelogic><themes></themes><module><name>system</name><folder>system</folder><ver>0.1</ver><ident></ident></module><name>0.1</name><ident>7600f6e2a2eb6c3ebcdbf82b317b44da</ident><template><lower>0.1</lower><name>rad_sloader</name></template><access>100</access></system><params><param name="passMinLength" type="integer" allow="1">
            <name>
                passMinLength.catalog.option
            </name>
            <default>4</default>
</param>
<param name="treestart" type="treenodeselect" allow="1" multilang="1">
            <name>
                nodeselect.catalog.option
            </name>
            <default>15</default>
</param></params></metadata>