<?xml version="1.0" encoding="UTF-8"?><metadata><names><title>Установка и удаление компонентов</title><description>Установка и удаление компонентов</description><author>Якушев Денис</author><date>1296740685</date><url>http://rad-cms.ru</url></names><system><ver>0.1</ver><prelogic><item>controller_core_repository</item></prelogic><themes></themes><module><name>repository</name><folder>system</folder><ver>0.1</ver><ident></ident></module><name></name><ident></ident><template><lower>0.1</lower><name>rad_sloader</name></template><access>700</access></system><params></params></metadata>