<?xml version="1.0" encoding="UTF-8"?><metadata><names><title>Wysiwyg</title><description></description><author>Mr. Bobo</author><date>1373637817</date><url>http://tabernacms.com</url></names><system><ver>0.1</ver><prelogic><item>controller_core_wysiwyg</item></prelogic><themes></themes><module><name>wysiwyg</name><folder>system</folder><ver>0.1</ver><ident></ident></module><name>rad_sloader</name><ident>408a8f3f61d401c6b17628158713d2b6</ident><template><lower>0.1</lower><name>rad_sloader</name></template><access>1000</access></system><params></params></metadata>