<?xml version="1.0" encoding="UTF-8"?>
<metadata><names><title>Управление статьями</title><description>Управление статьями в административной панели</description><author>Якушев Денис</author><date>1300216396</date><url>http://rad-cms.ru</url></names><system><ver>0.2</ver><prelogic><item>controller_corearticles_managearticles</item></prelogic><themes/><module><name>admin.managearticles</name><folder>articles</folder><ver>0.2</ver><ident/></module><name>rad_sloader</name><ident>79bb61d9abfd63e45a0e78521cbe0658</ident><template><lower>0.2</lower><name>rad_sloader</name></template><access>1000</access></system><params><param name="itemsperpage" type="integer" allow="1">
            <name>
                itemsperpage.catalog.option
            </name>
            <default>20</default>
</param>
<param name="treestart" type="treenodeselect" allow="1" multilang="1">
            <name>
                nodeselect.catalog.option
            </name>
            <default>19</default>
</param>
<param name="hasfulldesc" type="boolean" allow="1">
            <name>
                hasfulldesc.catalog.option
            </name>
            <default>1</default>
</param>
<param name="hasfulldescfck" type="boolean" allow="1">
            <name>
                hasfulldescfck.catalog.option
            </name>
            <default>1</default>
</param>
<param name="hasshortdesc" type="boolean" allow="1">
            <name>
                hasshortdesc.catalog.option
            </name>
            <default>1</default>
</param>
<param name="hasshortdescfck" type="boolean" allow="1">
            <name>
                hasshortdescfck.catalog.option
            </name>
            <default>1</default>
</param>
<param name="hasimage" type="boolean" allow="1">
            <name>
                hasimage.catalog.option
            </name>
            <default>1</default>
</param>
<param name="hasisweek" type="boolean" allow="1">
            <name>
                hasisweek.catalog.option
            </name>
            <default>1</default>
</param>
<param name="hasshowonmain" type="boolean" allow="1">
            <name>
                hasshowonmain.catalog.option
            </name>
            <default>1</default>
</param>
<param name="have_tags" type="boolean" allow="1">
            <name>
                    have_tags.articles.option
            </name>
            <default>1</default>
</param>
<param name="hasmetatags" type="hidden" allow="1">
            <name>
                hasmetatags.catalog.option
            </name>
            <default>1</default>
</param></params></metadata>
