<?xml version="1.0" encoding="UTF-8"?>
<metadata><names><title>Управление страницами сайта</title><description>Управление страницами сайта</description><author>Якушев Денис</author><date>1298917910</date><url>http://rad-cms.ru</url></names><system><ver>0.2</ver><prelogic><item>controller_corearticles_managepages</item></prelogic><themes/><module><name>admin.managepages</name><folder>catalog</folder><ver>0.2</ver><ident/></module><name>rad_sloader</name><ident>928bfba5c42b5c8645bace9a5748baa7</ident><template><lower>0.2</lower><name>rad_sloader</name></template><access>1000</access></system><params><param name="itemsperpage" type="integer" allow="1">
            <name>
                itemsperpage.catalog.option
            </name>
            <default>20</default>
</param>
<param name="treestart" type="treenodeselect" allow="1" multilang="1">
            <name>
                nodeselect.catalog.option
            </name>
            <default>18</default>
</param>
<param name="have_tags" type="boolean" allow="1">
            <name>
                    have_tags.catalog.option
            </name>
            <default>1</default>
</param>
</params></metadata>
