<?xml version="1.0" encoding="UTF-8"?>
<metadata><names><title>Показывает одну статическую страницу</title><description>Показывает одну выбранную в настройках статическую страницу</description><author>Якушев Денис</author><date>1299917526</date><url>http://rad-cms.ru</url></names><system><ver>0.1</ver><prelogic><item>controller_corearticles_staticpages</item></prelogic><themes/><module><name>site.staticpages</name><folder>catalog</folder><ver>0.2</ver><ident/></module><name>rad_sloader</name><ident>928bfba5c42b5c8645bace9a5748baa7</ident><template><lower>0.1</lower><name>rad_sloader</name></template><access>1000</access></system><params><param name="isshowpage" type="hidden" allow="1">
            <name>
                isshowpage
            </name>
            <default>1</default>
</param>
<param name="pgid" type="pageselect" allow="1" multilang="1">
            <name>
                choosepage.catalog.option
            </name>
            <default>1</default>
</param></params></metadata>
