<?xml version="1.0" encoding="UTF-8"?>
<metadata><names><title>Отображает полную новость</title><description>Отображает полную новость, в основном в центре страницы</description><author>Якушев Денис</author><date>1301381075</date><url>http://tabernacms.com</url></names><system><ver>0.2</ver><prelogic><item>controller_corearticles_shownews</item></prelogic><themes/><module><name>site.news</name><folder>catalog</folder><ver>0.2</ver><ident/></module><name>rad_sloader</name><ident>928bfba5c42b5c8645bace9a5748baa7</ident><template><lower>0.2</lower><name>rad_sloader</name></template><access>1000</access></system><params><param name="treestart" type="treenodeselect" allow="1" multilang="1">
            <name>
                nodeselect.catalog.option
            </name>
            <default>16</default>
</param>
<param name="itemsperpage" type="integer" allow="1">
            <name>
                itemsperpage.catalog.option
            </name>
            <default>20</default>
</param></params></metadata>
