<?xml version="1.0" encoding="UTF-8"?>
<metadata><names><title>Краткие новости в меню</title><description>Отображает последние новости в меню</description><author>Якушев Денис</author><date>1334068820</date><url>http://rad-cms.ru</url></names><system><ver>0.3</ver><prelogic><item>controller_corearticles_shownews</item></prelogic><themes/><module><name>site.news.menu</name><folder>catalog</folder><ver>0.2</ver><ident/></module><name>rad_sloader</name><ident>928bfba5c42b5c8645bace9a5748baa7</ident><template><lower>0.3</lower><name>rad_sloader</name></template><access>1000</access></system><params><param name="treestart" type="treenodeselect" allow="1" multilang="1">
            <name>
                nodeselect.catalog.option
            </name>
            <default>16</default>
</param>
<param name="countitems" type="integer" allow="1">
            <name>
                showitems.catalog.option
            </name>
            <default>3</default>
</param></params></metadata>
