<?xml version="1.0" encoding="UTF-8"?><metadata><names><title>Отображает статические страницы</title><description>Отображает статические страницы</description><author>Якушев Денис</author><date>1299932942</date><url>http://tabernacms.com</url></names><system><ver>0.2</ver><prelogic><item>controller_corearticles_staticpages</item></prelogic><themes></themes><module><name>site.staticpages</name><folder>catalog</folder><ver>0.2</ver><ident></ident></module><name>rad_sloader</name><ident>928bfba5c42b5c8645bace9a5748baa7</ident><template><lower>0.2</lower><name>rad_sloader</name></template><access>1000</access></system><params></params></metadata>