<?xml version="1.0" encoding="UTF-8"?><metadata><names><title>Показывает новости заданные датами</title><description>В админке можно включить настройку, где настраивать период отображения новости. Благодаря этой доп. опции и можно построить вывод новостей в этом блоке.</description><author>Якушев Денис</author><date>1317378016</date><url>http://tabernacms.com</url></names><system><ver>0.1</ver><prelogic><item>controller_corearticles_shownews</item></prelogic><themes></themes><module><name>news</name><folder>catalog</folder><ver>0.1</ver><ident></ident></module><name>rad_sloader</name><ident>928bfba5c42b5c8645bace9a5748baa7</ident><template><lower>0.1</lower><name>rad_sloader</name></template><access>1000</access></system><params><param name="itemsperpage" type="integer" allow="1">
            <name>
                itemsperpage_bt.news.option
            </name>
            <default>3</default>
</param>
<param name="itemsperpagelast" type="integer" allow="1">
            <name>
                itemsperpagelast.news.option
            </name>
            <default>6</default>
</param>
<param name="bt_dates" type="hidden" allow="1">
            <name>
                bt_dates.catalog.option
            </name>
            <default>1</default>
</param></params></metadata>