<?xml version="1.0" encoding="UTF-8"?>
<metadata><names><title>Статьи на сайте</title><description>Статьи на сайте</description><author>Якушев Денис</author><date>1301465001</date><url>http://tabernacms.com</url></names><system><ver>0.2</ver><prelogic><item>controller_corearticles_articles</item></prelogic><themes/><module><name>site.articles</name><folder>articles</folder><ver>0.2</ver><ident/></module><name>rad_sloader</name><ident>79bb61d9abfd63e45a0e78521cbe0658</ident><template><lower>0.2</lower><name>rad_sloader</name></template><access>1000</access></system><params><param name="treestart" type="treenodeselect" allow="1" multilang="1">
            <name>
                nodeselect.articles.option
            </name>
            <default>19</default>
</param>
<param name="ordering" type="select" allow="1">
                   <name>
                       ordering.articles.option
                   </name>
                   <default>position_asc</default>
                   <values>
                       <item>
                           <key>position_asc</key>
                           <value>Position ASC</value>
                       </item>
                       <item>
                           <key>position_desc</key>
                           <value>Position DESC</value>
                       </item>
                   </values>
</param>
<param name="itemsperpage" type="int" allow="1">
            <name>
                    itemsperpage.articles.option
            </name>
            <default>20</default>
</param>
<param name="blocktitle" type="boolean" allow="1" multilang="0">
            <name>
                    blocktitle.articles.option
            </name>
            <default>0</default>
</param></params></metadata>
