<?xml version="1.0" encoding="UTF-8"?><metadata><names><title>Управление комментариями</title><description>Управление комментариями в админке</description><author>Якушев Денис</author><date>1343636236</date><url>http://tabernacms.com</url></names><system><ver>0.3</ver><prelogic><item>controller_coreresource_managecomments</item></prelogic><themes></themes><module><name>admin.managecomments</name><folder>resource</folder><ver>0.3</ver><ident></ident></module><name>rad_sloader</name><ident>1cc17264c4a14aa782ff264663c29f74</ident><template><lower>0.3</lower><name>rad_sloader</name></template><access>1000</access></system><params><param name="itemsperpage" type="int" allow="1">
    <name>
        itemsperpage.resource.option
    </name>
    <default>20</default>
</param></params></metadata>