<?xml version="1.0" encoding="UTF-8"?><metadata><names><title>Комментарии к новостям, статьям</title><description>Комментарии к новостям, статьям  пр. на сайте</description><author>Якушев Денис</author><date>1342712891</date><url>http://tabernacms.com</url></names><system><ver>0.2</ver><prelogic><item>controller_coreresource_comments</item></prelogic><themes></themes><module><name>site.comments</name><folder>resource</folder><ver>0.2</ver><ident></ident></module><name>rad_sloader</name><ident>1cc17264c4a14aa782ff264663c29f74</ident><template><lower>0.2</lower><name>rad_sloader</name></template><access>1000</access></system><params>
<param name="premodere" type="select" allow="1" multilang="1">
   <name>
       premodere.resource.option
   </name>
   <default>1</default>
   <values>
       <item>
           <key>1</key>
           <value>Нет</value>
       </item>
       <item>
           <key>0</key>
           <value>Да</value>
       </item>
   </values>
</param>
<param name="type_comments" type="select" allow="1">
   <name>
       typecomments.resource.option
   </name>
   <default>news</default>
   <values>
       <item>
           <key>news</key>
           <value>news</value>
       </item>
       <item>
           <key>articles</key>
           <value>articles</value>
       </item>
       <item>
           <key>folknews</key>
           <value>folknews</value>
       </item>
   </values>
</param>
<param name="short_itemsperpage" type="int" allow="1" multilang="1">
    <name>
        short_itemsperpage.resource.option
    </name>
    <default>3</default>
</param>
<param name="itemsperpage" type="int" allow="1" multilang="1">
    <name>
        itemsperpage.resource.option
    </name>
    <default>20</default>
</param>
<param name="only_registered" type="boolean" allow="1" multilang="1">
    <name>only_registered.resource.option</name>
    <default>0</default>
</param>
<param name="get_itemid" type="text" allow="1">
    <name>
        get_itemid.resource.option
    </name>
    <default>nid</default>
</param></params></metadata>