<?xml version="1.0" encoding="UTF-8"?><metadata><names><title>Шапка для админки</title><description></description><author>Якушев Денис</author><date>1284983300</date><url>http://rad-cms.ru</url></names><system><ver>0.1</ver><prelogic></prelogic><themes></themes><module><name>header</name><folder>framing</folder><ver>0.1</ver><ident></ident></module><name>0.1</name><ident>facfdb2824fce9c6f09685118fba26cb</ident><template><lower>0.1</lower><name>rad_sloader</name></template><access>1000</access></system><params></params></metadata>