<?xml version="1.0" encoding="UTF-8"?>
<metadata><names><title>Шапка для сайта</title><description>Шапка для сайта</description><author>Якушев Денис</author><date>1338124489</date><url>http://tabernacms.com</url></names><system><ver>0.1</ver><prelogic><item>controller_coremenus_input</item></prelogic><themes/><module><name>site.header</name><folder>framing</folder><ver>0.1</ver><ident/></module><name>rad_sloader</name><ident>8dabf65ea5b041d4a970e8adabb783e1</ident><template><lower>0.1</lower><name>rad_sloader</name></template><access>1000</access></system><params><param name="title" type="text" allow="1" multilang="1">
    <name>
        title.system.option
    </name>
    <default>Самый лучший интернет магазин!</default>
</param>
<param name="phones" type="text" allow="1" multilang="1">
    <name>
        phones.system.option
    </name>
    <default>222-222-22,111-11-11</default>
</param>
<param name="showcallback" type="boolean" allow="1">
    <name>
        showcallback.catalog.option
    </name>
    <default>1</default>
</param>
</params></metadata>
